month,er_visit_overdose_count,inpatient_rehab_count,outpatient_mat_count,police_arrest_count,incarceration_count,lost_productivity_count,foster_care_risk_count
1999-01-01,19468.3,2298.1,182392.5,101640.0,325247.9,8131197.9,975743.7
1999-02-01,19752.9,1041.7,165357.0,103195.6,330225.9,8255648.3,990677.8
1999-03-01,20029.7,1138.9,154947.7,104211.3,333476.2,8336904.1,1000428.5
1999-04-01,40861.9,1771.9,140624.5,105702.8,338249.1,8456226.4,1014747.2
1999-05-01,20818.8,990.1,134706.1,107072.4,342631.6,8565790.2,1027894.8
1999-06-01,21009.3,856.2,134727.2,107923.9,345356.3,8633908.1,1036069.0
1999-07-01,42547.2,2061.3,135445.8,109173.8,349356.2,8733906.2,1048068.8
1999-08-01,21528.7,1087.2,136391.5,110401.3,353284.2,8832105.4,1059852.6
1999-09-01,21694.7,1243.3,137065.4,111205.8,355858.4,8896461.0,1067575.3
1999-10-01,43881.4,2219.0,138091.0,112391.3,359652.1,8991302.1,1078956.3
1999-11-01,22182.6,1263.2,139121.8,113555.0,363376.1,9084402.1,1090128.3
1999-12-01,22341.4,1121.7,139810.2,114316.2,365811.8,9145295.6,1097435.5
2000-01-01,45152.4,2256.5,140842.8,115435.1,369392.4,9234811.0,1108177.3
2000-02-01,22807.9,1353.5,142489.1,116536.2,372916.0,9322898.9,1118747.9
2000-03-01,22957.6,1516.8,143802.9,117269.3,375261.8,9381544.0,1125785.3
2000-04-01,46366.5,2780.5,145822.0,118369.9,378783.5,9469588.0,1136350.6
2000-05-01,23409.8,1561.1,147852.7,119471.0,382307.1,9557678.5,1146921.4
2000-06-01,23561.6,1414.5,149208.5,120205.3,384656.8,9616421.1,1153970.5
2000-07-01,47581.4,2855.3,151243.5,121305.8,388178.7,9704467.3,1164536.1
2000-08-01,24021.8,1440.6,153278.8,122404.9,391695.8,9792394.2,1175087.3
2000-09-01,48511.0,3069.2,155314.1,123501.4,395204.4,9880109.2,1185613.1
2000-10-01,24490.2,1466.0,157349.2,124594.7,398703.0,9967574.6,1196109.0
2000-11-01,24648.0,1641.3,158705.9,125321.1,401027.6,10025690.1,1203082.8
2000-12-01,24806.8,1483.3,160062.8,126045.4,403345.4,10083635.5,1210036.3
2001-01-01,50094.2,2992.3,162098.5,127126.9,406805.9,10170148.3,1220417.8
2001-02-01,25288.2,1509.0,164133.7,128195.0,410223.9,10255597.0,1230671.6
2001-03-01,25451.0,1691.3,165490.6,128892.6,412456.5,10311412.0,1237369.4
2001-04-01,51384.5,3060.6,167525.8,129917.2,415735.2,10393379.4,1247205.5
2001-05-01,25933.4,1721.1,169560.9,130919.4,418942.1,10473553.2,1256826.4
2001-06-01,26095.2,1552.0,170918.5,131572.5,421032.0,10525800.6,1263096.1
2001-07-01,52673.9,3128.8,172953.3,132529.3,424093.7,10602342.4,1272281.1
2001-08-01,26578.6,1577.5,174989.1,133463.2,427082.4,10677058.8,1281247.1
2001-09-01,26739.5,1770.9,176345.5,134070.3,429025.0,10725624.2,1287074.9
2001-10-01,53963.4,3197.4,178381.0,134958.0,431865.7,10796642.5,1295597.1
2001-11-01,27221.0,1801.1,180416.4,135822.8,434632.8,10865821.1,1303898.5
2001-12-01,27383.8,1620.2,181773.6,136383.6,436427.5,10910687.8,1309282.5
2002-01-01,55246.1,3265.5,183808.1,137202.2,439046.9,10976172.1,1317140.7
2002-02-01,27862.5,1293.0,184853.6,138014.4,441646.1,11041151.3,1324938.2
2002-03-01,28035.7,1490.9,185223.5,138550.2,443360.5,11084012.0,1330081.4
2002-04-01,56580.8,2587.9,185751.1,139339.9,445887.7,11147192.0,1337663.0
2002-05-01,28545.2,1501.5,186308.1,140114.8,448367.2,11209180.1,1345101.6
2002-06-01,28718.4,1316.0,186707.3,140621.2,449987.9,11249696.8,1349963.6
2002-07-01,57956.4,2665.9,187355.4,141366.1,452371.5,11309287.6,1357114.5
2002-08-01,29237.9,1350.1,188052.0,142095.9,454706.8,11367670.6,1364120.5
2002-09-01,29401.2,1560.3,188550.4,142572.5,456232.0,11405800.2,1368696.0
2002-10-01,59331.8,2761.6,189349.1,143272.3,458471.5,11461787.6,1375414.5
2002-11-01,29930.8,1599.1,190198.9,143957.4,460663.5,11516588.4,1381990.6
2002-12-01,30103.9,1412.7,190800.8,144404.2,462093.4,11552335.7,1386280.3
2003-01-01,60717.4,2865.4,191757.2,145059.7,464190.9,11604772.8,1392572.7
2003-02-01,30623.4,1628.0,193257.4,145693.9,466220.4,11655509.1,1398661.1
2003-03-01,30796.5,1850.1,194459.6,146104.1,467533.1,11688328.7,1402599.4
2003-04-01,62102.2,3353.5,196338.0,146703.6,469451.7,11736291.8,1408355.0
2003-05-01,31295.7,1910.0,198266.4,147287.7,471320.5,11783012.4,1413961.5
2003-06-01,31478.8,1717.7,199581.5,147666.8,472533.8,11813345.2,1417601.4
2003-07-01,63456.8,3482.6,201595.6,148220.2,474304.8,11857619.2,1422914.3
2003-08-01,31988.0,1764.8,203650.9,148758.5,476027.2,11900679.2,1428081.5
2003-09-01,32151.1,1996.7,205049.6,149107.4,477143.6,11928591.0,1431430.9
2003-10-01,64821.4,3611.2,207188.6,149615.7,478770.4,11969259.6,1436311.2
2003-11-01,32670.2,2050.2,209369.8,150109.4,480350.1,12008751.8,1441050.2
2003-12-01,32833.3,1846.8,210850.9,150428.8,481372.1,12034301.5,1444116.2
2004-01-01,66175.9,3744.1,213114.6,150893.3,482858.4,12071460.4,1448575.2
2004-02-01,33352.4,1660.0,214753.5,151351.2,484324.0,12108099.9,1452972.0
2004-03-01,33515.5,1898.7,215649.6,151649.3,485277.9,12131947.2,1455833.7
2004-04-01,67560.1,3373.0,217012.3,152081.5,486660.9,12166523.2,1459982.8
2004-05-01,34044.7,1938.5,218425.9,152498.9,487996.4,12199910.6,1463989.3
2004-06-01,34217.8,1725.7,219407.2,152767.2,488855.2,12221379.5,1466565.5
2004-07-01,68954.7,3501.8,220938.1,153155.3,490097.1,12252427.2,1470291.3
2004-08-01,34737.0,1776.2,222528.0,153529.2,491293.6,12282339.8,1473880.8
2004-09-01,69983.1,3839.2,224191.4,153885.7,492434.1,12310853.0,1477302.4
2004-10-01,35256.2,1828.0,225911.8,154228.6,493531.5,12338288.0,1480594.6
2004-11-01,35419.2,2083.8,227096.6,154448.5,494235.1,12355877.0,1482705.2
2004-12-01,35592.3,1863.1,228310.1,154661.9,494918.2,12372955.0,1484754.6
2005-01-01,71703.7,3779.0,230185.9,154969.3,495901.9,12397546.5,1487705.6
2005-02-01,36101.8,2488.1,233722.3,155249.5,496798.4,12419959.0,1490395.1
2005-03-01,36265.0,2777.2,236686.6,155427.6,497368.4,12434210.0,1492105.2
2005-04-01,72989.4,5218.7,241339.2,155690.1,498208.2,12455206.0,1494624.7
2005-05-01,36734.4,2922.6,246091.3,155948.9,499036.6,12475915.0,1497109.8
2005-06-01,36897.4,2697.6,249311.3,156118.9,499580.6,12489514.0,1498741.7
2005-07-01,74254.3,5490.7,254205.6,156370.1,500384.3,12509608.5,1501153.0
2005-08-01,37376.7,2792.9,259162.5,156617.2,501175.0,12529376.0,1503525.1
2005-09-01,37519.8,3100.3,262507.9,156778.9,501692.6,12542316.0,1505077.9
2005-10-01,75538.8,5744.2,267585.0,157016.9,502454.2,12561354.0,1507362.5
2005-11-01,38008.9,3205.8,272719.2,157249.9,503199.8,12579995.0,1509599.4
2005-12-01,38172.0,2951.3,276180.2,157401.8,503685.8,12592145.0,1511057.4
2006-01-01,76823.2,5997.0,281425.5,157624.1,504397.1,12609928.5,1513191.4
2006-02-01,38651.8,2593.0,285453.4,157860.2,505152.6,12628815.0,1515457.8
2006-03-01,38835.7,2908.0,287719.8,158024.0,505676.8,12641921.0,1517030.5
2006-04-01,78213.7,5217.1,291041.6,158272.3,506471.5,12661787.5,1519414.5
2006-05-01,39377.5,2941.9,294372.0,158521.7,507269.5,12681738.0,1521808.6
2006-06-01,39561.7,2652.2,296610.9,158688.4,507803.0,12695075.0,1523409.0
2006-07-01,79676.0,5365.0,300002.8,158938.7,508603.9,12715096.5,1525811.6
2006-08-01,40113.6,2712.9,303428.7,159189.1,509405.1,12735128.0,1528215.4
2006-09-01,40308.5,3054.7,305736.1,159355.7,509938.2,12748456.0,1529814.7
2006-10-01,81168.9,5529.1,309230.6,159605.3,510736.9,12768422.5,1532210.7
2006-11-01,40870.4,3123.7,312758.3,159854.1,511533.2,12788329.0,1534599.5
2006-12-01,41055.3,2815.8,315130.9,160019.3,512061.8,12801546.0,1536185.5
2007-01-01,82681.8,5693.0,318720.8,160266.1,512851.4,12821285.0,1538554.2
2007-02-01,41626.5,3151.2,323110.2,160501.1,513603.6,12840089.0,1540810.7
2007-03-01,41799.3,3526.8,326333.6,160652.6,514088.5,12852212.0,1542265.4
2007-04-01,84117.0,6496.5,331300.8,160875.8,514802.6,12870064.0,1544407.7
2007-05-01,42328.4,3648.2,336328.9,161096.1,515507.4,12887685.0,1546522.2
2007-06-01,42500.5,3323.8,339710.6,161241.1,515971.6,12899290.0,1547914.8
2007-07-01,85520.1,6730.4,344818.5,161456.1,516659.6,12916491.0,1549978.9
2007-08-01,43029.6,3405.9,349958.6,161668.7,517339.9,12933498.0,1552019.8
2007-09-01,43192.4,3803.7,353404.8,161809.0,517788.8,12944719.0,1553366.3
2007-10-01,86933.9,6945.7,358603.1,162017.1,518454.9,12961371.5,1555364.6
2007-11-01,43720.8,3894.8,363827.5,162223.3,519114.7,12977867.0,1557344.0
2007-12-01,43904.3,3538.9,367326.7,162359.5,519550.5,12988762.0,1558651.4
2008-01-01,88337.0,7156.8,372599.8,162562.0,520198.4,13004960.5,1560595.3
2008-02-01,44433.4,3436.2,377385.7,162763.9,520844.6,13021115.0,1562533.8
2008-03-01,44616.9,3852.3,380403.7,162892.8,521257.1,13031427.0,1563771.2
2008-04-01,89782.9,6924.3,384853.3,163075.9,521842.9,13046072.0,1565528.6
2008-05-01,45166.7,3896.3,389289.8,163248.0,522393.7,13059842.0,1567181.0
2008-06-01,45340.2,3506.3,392247.3,163355.6,522738.0,13068451.0,1568214.1
2008-07-01,91229.5,7071.5,396689.2,163506.3,523220.0,13080500.5,1569660.1
2008-08-01,45880.0,3566.0,401138.9,163646.5,523668.9,13091723.0,1571006.8
2008-09-01,92289.8,7616.7,405598.8,163774.1,524077.0,13101925.5,1572231.1
2008-10-01,46409.1,3626.1,410066.1,163891.9,524454.0,13111349.0,1573361.9
2008-11-01,46593.3,4079.7,413048.3,163964.0,524684.8,13117119.0,1574054.3
2008-12-01,46755.4,3666.3,416034.9,164031.4,524900.4,13122510.0,1574701.2
2009-01-01,94032.0,7392.3,420521.1,164123.6,525195.6,13129891.0,1575586.9
2009-02-01,47275.9,3877.9,425439.0,164202.7,525448.6,13136215.0,1576345.8
2009-03-01,47438.7,4354.2,428873.2,164249.3,525597.7,13139943.0,1576793.2
2009-04-01,95376.5,7904.2,434087.5,164312.1,525798.9,13144971.5,1577396.6
2009-05-01,47938.5,4452.2,439324.2,164368.7,525979.8,13149495.0,1577939.4
2009-06-01,48101.3,4014.7,442823.8,164402.3,526087.3,13152182.0,1578261.8
2009-07-01,96691.7,8099.6,448081.0,164447.1,526230.6,13155766.0,1578691.9
2009-08-01,48600.4,4084.9,453345.5,164486.2,526356.0,13158900.0,1579068.0
2009-09-01,48753.2,4587.3,456858.0,164508.7,526427.8,13160695.0,1579283.4
2009-10-01,98006.2,8284.0,462131.4,164537.3,526519.4,13162986.0,1579558.3
2009-11-01,49243.0,4667.1,467408.9,164560.9,526595.0,13164874.0,1579784.9
2009-12-01,49405.1,4199.0,470929.4,164573.3,526634.5,13165863.0,1579903.6
2010-01-01,99290.0,8466.4,476213.3,164587.4,526679.7,13166993.0,1580039.2
2010-02-01,49884.9,4102.6,481038.5,164597.2,526711.1,13167778.0,1580133.4
2010-03-01,50057.0,4625.6,484088.6,164595.8,526706.6,13167664.0,1580119.7
2010-04-01,100562.4,8277.9,488635.6,164579.7,526655.1,13166376.5,1579965.2
2010-05-01,50505.4,4683.7,493174.1,164549.6,526558.6,13163966.0,1579675.9
2010-06-01,50668.2,4185.1,496200.0,164520.6,526466.0,13161651.0,1579398.1
2010-07-01,101764.1,8425.9,500735.9,164464.3,526285.7,13157142.0,1578857.0
2010-08-01,51085.9,4241.2,505270.1,164395.7,526066.2,13151654.0,1578198.5
2010-09-01,51238.7,4793.6,508292.0,164342.1,525894.8,13147369.0,1577684.3
2010-10-01,102875.1,8575.6,512822.5,164250.7,525602.1,13140053.0,1576806.4
2010-11-01,51637.1,4858.7,517349.9,164148.7,525275.9,13131897.0,1575827.6
2010-12-01,51758.5,4333.7,520365.3,164074.4,525038.2,13125954.0,1575114.5
2011-01-01,103826.8,8723.3,524886.6,163955.7,524658.3,13116457.5,1573974.9
2011-02-01,52046.9,4356.1,529311.3,163827.2,524247.0,13106176.0,1572741.1
2011-03-01,52119.0,4931.9,532225.6,163731.2,523939.7,13098492.0,1571819.0
2011-04-01,104503.6,8795.6,536586.7,163571.2,523427.8,13085694.0,1570283.3
2011-05-01,52395.3,4991.3,540939.9,163395.4,522865.4,13071634.0,1568596.1
2011-06-01,52486.0,4440.4,543837.7,163267.9,522457.2,13061431.0,1567371.7
2011-07-01,105258.3,8932.5,548179.1,163061.2,521795.8,13044896.0,1565387.5
2011-08-01,52770.9,4491.9,552513.5,162839.3,521085.8,13027145.0,1563257.4
2011-09-01,52863.0,5091.5,555397.4,162681.8,520581.8,13014544.0,1561745.3
2011-10-01,106009.5,9067.9,559717.2,162431.0,519779.2,12994479.5,1559337.5
2011-11-01,53136.5,5151.4,564029.4,162166.3,518932.2,12973306.0,1556796.7
2011-12-01,53227.9,4575.7,566898.7,161980.8,518338.6,12958465.0,1555015.8
2012-01-01,106698.6,9200.6,571192.9,161689.5,517406.3,12935158.5,1552219.0
2012-02-01,53492.8,4752.3,575836.0,161378.8,516412.2,12910305.0,1549236.6
2012-03-01,53564.2,5380.3,579048.3,161159.1,515709.1,12892727.0,1547127.2
2012-04-01,107396.1,9609.0,583874.8,160813.4,514602.9,12865073.5,1543808.8
2012-05-01,53810.5,5451.1,588695.0,160452.1,513446.8,12836170.0,1540340.4
2012-06-01,53893.3,4851.2,591901.3,160201.1,512643.4,12816086.0,1537930.3
2012-07-01,107992.2,9758.5,596702.9,159810.1,511392.3,12784808.0,1534177.0
2012-08-01,54098.9,4907.1,601494.8,159404.9,510095.6,12752389.0,1530286.7
2012-09-01,108394.1,10503.8,606273.9,158982.8,508744.9,12718623.0,1526234.8
2012-10-01,54274.5,4961.6,611042.8,158547.9,507353.2,12683831.0,1522059.7
2012-11-01,54345.9,5624.8,614215.0,158249.4,506398.2,12659956.0,1519194.7
2012-12-01,54388.0,4997.9,617381.8,157944.8,505423.5,12635587.0,1516270.4
2013-01-01,108930.9,10049.8,622121.4,157476.8,503925.6,12598140.5,1511776.9
2013-02-01,54545.0,5077.7,626922.4,156997.9,502393.2,12559831.0,1507179.7
2013-03-01,54598.5,5757.2,630138.7,156672.9,501353.4,12533834.0,1504060.1
2013-04-01,109367.5,10257.9,634976.5,156177.9,499769.2,12494231.0,1499307.7
2013-05-01,54759.0,5829.2,639806.5,155675.8,498162.5,12454063.0,1494487.6
2013-06-01,54802.5,5176.0,643020.9,155336.7,497077.5,12426937.0,1491232.4
2013-07-01,109745.5,10405.7,647829.0,154821.9,495430.2,12385755.5,1486290.7
2013-08-01,54933.0,5229.7,652624.5,154301.6,493765.1,12344127.0,1481295.2
2013-09-01,54976.5,5935.7,655811.7,153951.1,492643.5,12316087.0,1477930.4
2013-10-01,110063.5,10547.0,660578.4,153420.7,490946.1,12273653.5,1472838.4
2013-11-01,55087.0,5998.6,665331.9,152886.0,489235.1,12230877.0,1467705.2
2013-12-01,55110.5,5316.9,668490.2,152526.8,488085.7,12202143.0,1464257.2
2014-01-01,110321.5,10685.7,673213.0,151984.5,486350.5,12158763.0,1459051.6
2014-02-01,55235.9,5574.8,678499.9,151432.6,484584.4,12114609.0,1453753.1
2014-03-01,55294.3,6309.3,682200.3,151061.8,483397.9,12084948.0,1450193.8
2014-04-01,110725.2,11291.4,687825.0,150503.4,481610.8,12040270.5,1444832.5
2014-05-01,55430.9,6408.4,693447.3,149943.6,479819.6,11995490.0,1439458.8
2014-06-01,55469.3,5700.7,697185.5,149569.9,478623.6,11965590.0,1435870.8
2014-07-01,111085.9,11461.1,702772.6,149008.8,476828.0,11920700.0,1430484.0
2014-08-01,55596.6,5759.2,708336.6,148446.8,475029.7,11875743.0,1425089.2
2014-09-01,55625.7,6525.3,712027.7,148072.1,473830.8,11845771.0,1421492.5
2014-10-01,111379.4,11612.9,717542.2,147509.3,472029.8,11800744.0,1416089.3
2014-11-01,55773.7,6593.7,723031.4,146946.2,470228.0,11755699.0,1410683.9
2014-12-01,55764.2,5852.6,726673.1,146570.6,469026.1,11725652.0,1407078.2
2015-01-01,111556.4,11760.6,732110.3,146007.3,467223.5,11680587.0,1401670.4
2015-02-01,55900.6,5569.0,736571.7,145453.8,465452.1,11636302.0,1396356.2
2015-03-01,56018.8,6340.8,739165.8,145087.0,464278.3,11606957.0,1392834.8
2015-04-01,112193.6,11153.8,743012.9,144533.4,462506.8,11562669.5,1387520.3
2015-05-01,56275.5,6377.5,746823.5,143976.6,460725.2,11518129.0,1382175.5
2015-06-01,56294.4,5603.4,749345.0,143603.4,459530.7,11488268.0,1378592.2
2015-07-01,112946.9,11243.3,753107.1,143040.2,457728.8,11443219.0,1373186.3
2015-08-01,56553.9,5638.2,756842.8,142474.6,455918.6,11397964.0,1367755.7
2015-09-01,56673.5,6447.0,759317.1,142095.5,454705.7,11367643.0,1364117.2
2015-10-01,113509.3,11331.4,763000.8,141524.2,452877.3,11321932.5,1358631.9
2015-11-01,56835.1,6486.9,766658.7,140950.7,451042.2,11276056.0,1353126.7
2015-12-01,56956.8,5692.5,769079.6,140566.8,449813.8,11245344.0,1349441.3
2016-01-01,114178.0,11415.8,772682.8,139988.8,447964.1,11199103.0,1343892.4
2016-02-01,57228.2,7377.7,780902.6,139341.4,445892.3,11147308.0,1337677.0
2016-03-01,57355.5,8253.4,787937.0,138876.4,444404.5,11110112.0,1333213.4
2016-04-01,114792.2,15124.2,798780.9,138154.4,442094.0,11052350.5,1326282.1
2016-05-01,57437.4,8459.4,809561.9,137412.8,439721.1,10993027.0,1319163.2
2016-06-01,57564.7,7628.3,816657.1,136906.5,438100.7,10952518.0,1314302.2
2016-07-01,115214.8,15299.2,827129.4,136129.6,435614.6,10890364.0,1306843.7
2016-08-01,57649.4,7669.7,837431.9,135335.7,433074.2,10826854.0,1299222.5
2016-09-01,115484.2,16264.9,847523.4,134521.3,430468.3,10761707.5,1291404.9
2016-10-01,57735.5,7709.0,857451.5,133690.8,427810.6,10695265.0,1283431.8
2016-11-01,57864.2,8629.4,863963.6,133126.8,426005.8,10650145.0,1278017.4
2016-12-01,57792.9,7735.2,870397.0,132554.9,424175.6,10604389.0,1272526.7
2017-01-01,115874.7,15511.6,879897.8,131682.0,421382.3,10534558.5,1264147.0
2017-02-01,57866.4,7759.0,889202.4,130792.8,418537.0,10463426.0,1255611.1
2017-03-01,57780.4,8693.5,895240.8,130188.6,416603.7,10415092.0,1249811.0
2017-04-01,115604.9,15465.0,904006.5,129265.9,413650.8,10341270.0,1240952.4
2017-05-01,57723.8,8667.8,912485.0,128327.0,410646.5,10266162.0,1231939.4
2017-06-01,57738.5,7693.9,917944.7,127691.0,408611.1,10215278.0,1225833.4
2017-07-01,115219.0,15342.9,925857.3,126721.4,405508.4,10137709.0,1216525.1
2017-08-01,57480.5,7650.7,933506.6,125736.6,402357.2,10058931.0,1207071.7
2017-09-01,57493.8,8623.6,938438.3,125070.2,400224.8,10005619.0,1200674.3
2017-10-01,114930.3,15241.2,945596.1,124056.1,396979.6,9924490.2,1190938.8
2017-11-01,57335.1,8604.8,952525.3,123027.6,393688.3,9842208.4,1181065.0
2017-12-01,57249.1,7595.8,957001.5,122332.3,391463.5,9786587.5,1174390.5
2018-01-01,114438.8,15165.5,963509.0,121275.6,388081.9,9702047.0,1164245.6
2018-02-01,57085.5,7274.6,968987.8,120221.7,384709.3,9617733.6,1154128.0
2018-03-01,56997.4,8299.0,972281.4,119521.2,382467.7,9561693.7,1147403.2
2018-04-01,113824.9,14509.7,977008.1,118469.0,379100.7,9477517.2,1137302.1
2018-05-01,56828.2,8286.6,981627.2,117414.7,375726.9,9393173.3,1127180.8
2018-06-01,56738.7,7261.4,984650.4,116709.9,373471.5,9336788.3,1120414.6
2018-07-01,113207.5,14539.5,989109.1,115649.8,370079.4,9251985.6,1110238.3
2018-08-01,56568.1,7279.6,993499.9,114587.0,366678.3,9166957.5,1100034.9
2018-09-01,56378.6,8331.8,996380.9,113876.3,364404.1,9110102.1,1093212.3
2018-10-01,112685.2,14592.2,1000640.7,112807.5,360983.9,9024597.8,1082951.7
2018-11-01,56106.6,8360.9,1004836.6,111735.6,357554.1,8938852.0,1072662.2
2018-12-01,56116.4,7312.3,1007592.1,111018.9,355260.6,8881515.0,1065781.8
2019-01-01,111959.4,14645.1,1011667.2,109941.0,351811.1,8795276.5,1055433.2
2019-02-01,55850.0,6374.0,1011748.6,108917.6,348536.5,8713411.5,1045609.4
2019-03-01,55768.2,7425.6,1010282.0,108263.2,346442.3,8661057.8,1039326.9
2019-04-01,111693.8,12694.0,1007464.1,107301.7,343365.6,8584139.0,1030096.7
2019-05-01,55724.9,7381.4,1004271.0,106356.9,340342.1,8508552.2,1021026.3
2019-06-01,55843.8,6312.2,1001934.0,105737.2,338359.1,8458976.4,1015077.2
2019-07-01,111546.4,12576.7,998154.2,104822.1,335430.7,8385767.0,1006292.0
2019-08-01,55701.2,6263.0,994129.3,103920.7,332546.1,8313652.7,997638.3
2019-09-01,55821.5,7286.0,991294.8,103328.3,330650.6,8266265.3,991951.8
2019-10-01,111400.4,12434.2,986841.2,102451.9,327846.2,8196154.8,983538.6
2019-11-01,55778.9,7219.2,982202.1,101587.2,325079.0,8126975.6,975237.1
2019-12-01,55698.5,6167.7,978995.9,101017.8,323256.9,8081422.5,969770.7
2020-01-01,111556.5,12272.8,974031.9,100174.2,320557.4,8013935.6,961672.3
2020-02-01,55648.2,7422.5,975992.4,99251.2,317603.7,7940093.4,952811.2
2020-03-01,55551.0,8490.0,979676.3,98609.9,315551.8,7888793.8,946655.3
2020-04-01,110812.5,15260.6,985748.5,97646.7,312469.6,7811739.1,937408.7
2020-05-01,55160.1,8726.8,991894.9,96688.3,309402.6,7735066.0,928207.9
2020-06-01,54962.9,7705.3,995982.3,96053.4,307370.7,7684268.5,922112.2
2020-07-01,109632.8,15460.3,1002062.9,95106.8,304341.8,7608544.0,913025.3
2020-08-01,54669.2,7753.4,1008087.2,94166.8,301333.8,7533345.2,904001.4
2020-09-01,108744.0,16609.9,1014031.6,93235.0,298352.0,7458798.8,895055.9
2020-10-01,54174.1,7793.9,1019912.5,92309.6,295390.6,7384764.9,886171.8
2020-11-01,53975.5,8882.2,1023790.5,91696.9,293430.0,7335749.4,880289.9
2020-12-01,53876.9,7820.6,1027637.5,91087.6,291480.5,7287011.6,874441.4
2021-01-01,107256.6,15678.1,1033340.9,90180.5,288577.7,7214443.6,865733.2
2021-02-01,53479.7,7857.3,1038979.4,89280.1,285696.2,7142405.3,857088.6
2021-03-01,53179.7,8964.0,1042694.3,88684.2,283789.5,7094736.4,851368.4
2021-04-01,106060.8,15772.9,1048200.0,87797.5,280952.0,7023801.2,842856.1
2021-05-01,52880.4,9009.4,1053639.3,86917.8,278137.1,6953426.8,834411.2
2021-06-01,52580.4,7913.6,1057219.7,86335.9,276274.9,6906872.9,828824.7
2021-07-01,104859.4,15859.4,1062524.5,85470.6,273505.8,6837645.8,820517.5
2021-08-01,52079.0,7944.8,1067761.0,84612.3,270759.3,6768982.8,812277.9
2021-09-01,52077.6,9078.8,1071205.1,84045.0,268943.8,6723596.1,806831.5
2021-10-01,103453.1,15936.6,1076303.1,83201.4,266244.6,6656115.1,798733.8
2021-11-01,51574.1,9117.1,1081332.1,82365.2,263568.7,6589217.4,790706.1
2021-12-01,51372.7,7989.9,1084637.0,81813.0,261801.5,6545038.5,785404.6
2022-01-01,102140.5,16005.1,1089525.2,80992.2,259175.1,6479378.6,777525.4
2022-02-01,50867.1,8013.9,1094341.6,80179.4,256574.1,6414351.3,769722.2
2022-03-01,50665.0,9174.2,1097506.1,79642.6,254856.4,6371409.5,764569.1
2022-04-01,100922.3,16064.8,1102180.9,78845.5,252305.5,6307637.6,756916.5
2022-05-01,50157.3,9205.0,1106784.5,78056.5,249780.7,6244518.6,749342.2
2022-06-01,50054.5,8049.1,1109805.4,77535.9,248114.8,6202869.5,744344.3
2022-07-01,99499.2,16117.0,1114265.3,76763.2,245642.1,6141053.2,736926.4
2022-08-01,49545.4,8066.8,1118652.5,75999.0,243196.7,6079917.0,729590.0
2022-09-01,49341.2,9250.3,1121529.9,75495.0,241584.0,6039599.5,724751.9
2022-10-01,98171.9,16161.1,1125773.9,74747.6,239192.3,5979808.5,717577.0
2022-11-01,48730.0,9274.3,1129945.8,74008.6,236827.4,5920685.3,710482.2
2022-12-01,48725.8,8092.8,1132679.8,73521.8,235269.8,5881744.4,705809.3
2023-01-01,96739.0,16198.1,1136707.8,72800.0,232959.9,5823997.0,698879.6
2023-02-01,48112.5,8105.9,1140666.3,72087.1,230678.6,5766965.1,692035.8
2023-03-01,48008.3,9309.2,1143255.8,71617.6,229176.3,5729408.1,687529.0
2023-04-01,95301.9,16230.0,1147072.2,70922.3,226951.5,5673787.4,680854.5
2023-05-01,47493.6,9328.1,1150817.3,70235.8,224754.4,5618860.9,674263.3
2023-06-01,47188.0,8123.2,1153267.6,69784.0,223308.9,5582722.5,669926.7
2023-07-01,93960.6,16255.1,1156873.3,69115.4,221169.3,5529232.1,663507.9
2023-08-01,46772.6,8132.1,1160410.4,68455.5,219057.7,5476442.4,657173.1
2023-09-01,46566.3,9354.8,1162721.3,68021.7,217669.4,5441735.3,653008.2
2023-10-01,92515.8,16276.7,1166123.8,67380.0,215616.1,5390402.6,646848.3
2023-11-01,46048.8,9369.3,1169456.5,66747.0,213590.3,5339757.1,640770.9
2023-12-01,45842.5,8143.3,1171633.8,66331.0,212259.3,5306483.2,636778.0
2024-01-01,91166.8,16293.3,1174835.9,65716.4,210292.5,5257312.8,630877.5
2024-02-01,45324.3,8148.9,1177971.2,65110.4,208353.4,5208835.3,625060.2
2024-03-01,45117.3,9390.1,1180019.7,64712.4,207079.5,5176988.6,621238.6
2024-04-01,89715.0,16305.8,1183026.8,64124.4,205198.0,5129949.8,615594.0
2024-05-01,44597.7,9400.9,1185972.9,63545.3,203344.9,5083621.4,610034.6
2024-06-01,44490.0,8156.4,1187894.8,63165.1,202128.2,5053205.0,606384.6
2024-07-01,88361.1,15862.1,1189871.9,62614.2,200365.4,5009135.4,601096.2
2024-08-01,43871.1,7724.1,1191010.4,62081.9,198662.2,4966555.4,595986.6
2024-09-01,87424.0,16372.4,1191318.3,61570.2,197024.7,4925618.5,591074.2
2024-10-01,43453.6,7504.0,1191105.6,61073.4,195434.8,4885869.0,586304.3
2024-11-01,43248.0,8751.5,1190677.0,60751.1,194403.4,4860085.6,583210.3
2024-12-01,43243.1,7497.5,1190073.8,60434.9,193391.6,4834790.6,580174.9
2025-01-01,85870.8,14979.9,1188878.5,59972.4,191911.7,4797791.5,575735.0
2025-02-01,42728.4,7480.9,1187443.9,59521.1,190467.4,4761684.4,571402.1
2025-03-01,42622.8,8719.7,1186355.3,59227.0,189526.5,4738161.5,568579.4
2025-04-01,84730.9,14925.5,1184564.0,58795.9,188146.9,4703672.7,564440.7
2025-05-01,42208.1,8692.4,1182641.0,58374.3,186797.6,4669940.1,560392.8
2025-06-01,42103.9,7442.1,1181286.1,58099.1,185917.2,4647930.7,557751.7
2025-07-01,83791.7,14857.5,1179165.9,57695.3,184624.8,4615620.5,553874.5
2025-08-01,41589.2,7414.9,1176970.7,57299.9,183359.7,4583991.8,550079.0
2025-09-01,41583.6,8639.7,1175466.7,57041.8,182533.9,4563346.7,547601.6
2025-10-01,82753.2,14781.8,1173158.3,56662.7,181320.7,4533017.7,543962.1
2025-11-01,41168.9,8605.4,1170807.6,56291.6,180133.0,4503324.8,540399.0
2025-12-01,41064.0,7366.1,1169214.4,56049.1,179357.0,4483924.9,538071.0
2026-01-01,81714.0,14701.6,1166794.4,55693.0,178217.5,4455437.8,534652.5
2026-02-01,40648.6,7335.4,1164348.2,55344.2,177101.4,4427534.3,531304.1
2026-03-01,40544.4,8545.9,1162701.9,55116.6,176373.1,4409326.7,529119.2
2026-04-01,80772.7,14618.7,1160213.1,54782.1,175302.9,4382571.3,525908.6
2026-05-01,40129.0,8509.1,1157706.5,54454.7,174255.1,4356377.1,522765.3
2026-06-01,40023.4,7283.0,1156024.7,54240.9,173571.0,4339275.2,520713.0
2026-07-01,79832.1,14534.0,1153489.6,53927.0,172566.5,4314163.4,517699.6
2026-08-01,39708.0,7250.9,1150942.1,53619.7,171583.1,4289577.4,514749.3
2026-09-01,39603.1,8446.9,1149237.6,53419.3,170941.9,4273546.4,512825.6
2026-10-01,78790.1,14448.1,1146671.7,53125.1,170000.3,4250007.7,510000.9
2026-11-01,39187.0,8409.1,1144096.7,52837.1,169078.7,4226968.7,507236.2
2026-12-01,39181.4,7197.0,1142375.0,52649.4,168478.0,4211950.1,505434.0
2027-01-01,77848.1,14361.3,1139785.6,52373.7,167595.7,4189893.7,502787.2
2027-02-01,38766.0,7164.3,1137190.5,52104.0,166732.9,4168323.7,500198.8
2027-03-01,38660.4,8345.6,1135457.3,51928.2,166170.3,4154258.0,498511.0
2027-04-01,76904.7,14273.9,1132851.2,51670.5,165345.8,4133643.8,496037.3
2027-05-01,38344.3,8307.3,1130242.6,51418.5,164539.4,4113483.8,493618.1
2027-06-01,38138.7,7109.6,1128500.1,51254.2,164013.5,4100338.5,492040.6
2027-07-01,76061.3,14186.1,1125883.2,51013.5,163243.3,4081081.7,489729.8
2027-08-01,37822.6,7076.6,1123263.7,50778.2,162490.4,4062260.0,487471.2
2027-09-01,37817.0,8243.1,1121514.7,50624.9,161999.8,4049994.8,485999.4
2027-10-01,75117.9,14098.0,1118891.7,50400.4,161281.4,4032033.9,483844.1
2027-11-01,37403.0,8204.6,1116266.6,50181.1,160579.4,4014484.8,481738.2
2027-12-01,37289.0,7021.4,1114515.1,50038.4,160122.9,4003072.3,480368.7
2028-01-01,74278.0,14009.8,1111887.8,49829.3,159453.7,3986342.7,478361.1
2028-02-01,36975.0,6988.3,1109259.5,49625.2,158800.5,3970012.9,476401.5
2028-03-01,36875.0,8140.2,1107507.1,49492.5,158375.9,3959396.7,475127.6
2028-04-01,73429.0,13921.5,1104879.4,49298.2,157754.2,3943855.1,473262.6
2028-05-01,36554.0,8101.6,1102251.9,49108.6,157147.5,3928688.1,471442.6
2028-06-01,36454.0,6933.1,1100499.7,48985.4,156753.3,3918833.0,470260.0
2028-07-01,72487.0,13833.2,1097874.2,48805.2,156176.7,3904416.4,468530.0
2028-08-01,36133.0,6900.1,1095248.9,48629.5,155614.5,3890362.2,466843.5
2028-09-01,71952.0,14915.3,1092627.3,48459.5,155070.4,3876759.7,465211.2
2028-10-01,35819.0,6867.0,1090006.1,48293.9,154540.4,3863509.6,463621.1
2028-11-01,35712.0,7998.7,1088262.7,48186.3,154196.1,3854901.3,462588.2
2028-12-01,35605.0,6845.1,1086517.8,48080.8,153858.6,3846464.7,461575.8
2029-01-01,70896.0,13657.2,1083905.1,47926.9,153365.9,3834148.5,460097.8
2029-02-01,35291.0,6812.2,1081294.0,47777.0,152886.3,3822158.5,458659.0
2029-03-01,35184.0,7934.7,1079557.4,47679.9,152575.6,3814389.3,457726.7
2029-04-01,70047.0,13569.6,1076953.4,47538.1,152122.0,3803049.1,456365.9
2029-05-01,34970.0,7896.5,1074354.0,47400.5,151681.4,3792036.0,455044.3
2029-06-01,34763.0,6757.5,1072622.7,47311.1,151395.5,3784887.0,454186.4
2029-07-01,69305.0,13482.4,1070032.7,47181.1,150979.5,3774488.6,452938.6
2029-08-01,34549.0,6724.9,1067445.5,47054.8,150575.4,3764385.2,451726.2
2029-09-01,34342.0,7833.1,1065723.5,46973.1,150313.8,3757844.2,450941.3
2029-10-01,68563.0,13395.7,1063147.0,46854.1,149933.2,3748330.8,449799.7
2029-11-01,34121.0,7795.2,1060575.1,46738.9,149564.4,3739109.3,448693.1
2029-12-01,34021.0,6670.8,1058863.9,46664.3,149325.7,3733142.2,447977.1
2030-01-01,67714.0,13309.4,1056302.4,46556.0,148979.1,3724478.5,446937.4
2030-02-01,33807.0,6638.6,1053746.7,46451.2,148643.7,3716093.7,445931.2
2030-03-01,33593.0,7732.5,1052047.4,46383.5,148427.1,3710677.4,445281.3
2030-04-01,66979.0,13223.7,1049503.6,46285.4,148113.3,3702832.9,444339.9
2030-05-01,33379.0,7695.2,1046964.9,46190.6,147809.8,3695246.1,443429.5
2030-06-01,33272.0,6585.3,1045278.5,46129.4,147614.2,3690355.5,442842.7
2030-07-01,66337.0,13138.7,1042753.8,46041.0,147331.4,3683283.8,441994.1
2030-08-01,32958.0,6553.5,1040237.3,45955.7,147058.3,3676458.0,441175.0
2030-09-01,32951.0,7633.4,1038561.9,45901.0,146883.4,3672083.9,440650.1
2030-10-01,65488.0,13054.2,1036045.0,45822.0,146630.5,3665763.5,439891.6
2030-11-01,32637.0,7595.5,1033405.3,45747.7,146392.7,3659816.8,439178.0
2030-12-01,32630.0,6498.7,1031532.9,45701.7,146245.4,3656134.2,438736.1
2031-01-01,64853.0,12960.3,1028597.6,45637.2,146038.9,3650973.6,438116.8
2031-02-01,32316.0,6461.0,1025559.3,45576.9,145846.0,3646148.8,437537.9
2031-03-01,32209.0,7522.6,1023479.4,45539.3,145725.8,3643143.8,437177.3
2031-04-01,64211.0,12855.8,1020298.8,45486.7,145557.3,3638933.0,436672.0
2031-05-01,31995.0,7475.5,1017069.9,45437.6,145400.2,3635004.9,436200.6
2031-06-01,31895.0,6393.8,1014891.4,45407.0,145302.3,3632557.3,435906.9
2031-07-01,63576.0,12746.1,1011595.2,45364.2,145165.4,3629135.1,435496.2
2031-08-01,31681.0,6352.1,1008277.1,45324.6,145038.7,3625967.6,435116.1
2031-09-01,31674.0,7394.5,1006055.2,45300.0,144960.1,3624002.3,434880.3
2031-10-01,62941.0,12634.1,1002710.3,45266.0,144851.0,3621276.1,434553.1
2031-11-01,31360.0,7345.3,999358.0,45234.7,144751.2,3618779.4,434253.5
2031-12-01,31360.0,6281.9,997120.8,45215.5,144689.7,3617241.4,434069.0
2032-01-01,31253.0,6267.8,994881.7,45197.7,144632.8,3615819.7,433898.4
